{
    "info": {
        "description": "Rehabilitation Exercise COCO 2021 Dataset",
        "url": "",
        "version": "1.0",
        "year": 2021,
        "contributor": "datamaker",
        "date_created": "2021-02-03 12:09:38.507436+09:00"
    },
    "licenses": [
        {
            "url": "http://creativecommons.org/licenses/by-nc-sa/2.0/",
            "id": 1,
            "name": "Attribution-NonCommercial-ShareAlike License"
        }
    ],
    "categories": [
        {
            "id": 1,
            "name": "person",
            "supercategory": "person",
            "keypoints": [
                "nose",
                "left_eye",
                "right_eye",
                "left_ear",
                "right_ear",
                "left_shoulder",
                "right_shoulder",
                "left_elbow",
                "right_elbow",
                "left_wrist",
                "right_wrist",
                "left_hip",
                "right_hip",
                "left_knee",
                "right_knee",
                "left_ankle",
                "right_ankle"
            ],
            "skeleton": [
                [
                    16,
                    14
                ],
                [
                    14,
                    12
                ],
                [
                    17,
                    15
                ],
                [
                    15,
                    13
                ],
                [
                    12,
                    13
                ],
                [
                    6,
                    12
                ],
                [
                    7,
                    13
                ],
                [
                    6,
                    7
                ],
                [
                    6,
                    8
                ],
                [
                    7,
                    9
                ],
                [
                    8,
                    10
                ],
                [
                    9,
                    11
                ],
                [
                    2,
                    3
                ],
                [
                    1,
                    2
                ],
                [
                    1,
                    3
                ],
                [
                    2,
                    4
                ],
                [
                    3,
                    5
                ],
                [
                    4,
                    6
                ],
                [
                    5,
                    7
                ]
            ]
        }
    ],
    "meta_info": {
        "video": "1B004_10013WLEM(1).mp4",
        "width": 640,
        "height": 480,
        "duration": 14.133333333333333,
        "fps": 15.0,
        "frames": 212,
        "created": "2021-01-31 21:14:14",
        "disease": true,
        "disease_code": "뇌질환",
        "hospital": "분당서울",
        "patient_id": "004",
        "movement_category": "HT",
        "movement_name": "Gats & Squat",
        "gender": "남",
        "age": "30대",
        "camera_position": "웹 캠",
        "videographer": "LEM"
    },
    "images": [
        {
            "id": 1,
            "file_name": "frame_00172.jpg",
            "width": 640,
            "height": 480,
            "date_captured": "2021-01-31 21:14:14",
            "license": 1,
            "coco_url": "",
            "flickr_url": ""
        }
    ],
    "annotations": [
        {
            "image_id": 1,
            "category_id": 1,
            "bbox": [
                301,
                139,
                75,
                213
            ],
            "num_keypoints": 17,
            "keypoints": [
                342,
                169,
                2,
                345,
                165,
                2,
                337,
                165,
                2,
                351,
                162,
                2,
                331,
                161,
                2,
                361,
                181,
                2,
                320,
                184,
                2,
                372,
                205,
                2,
                310,
                211,
                2,
                363,
                216,
                2,
                307,
                235,
                2,
                354,
                243,
                2,
                328,
                243,
                2,
                355,
                290,
                2,
                330,
                289,
                2,
                355,
                334,
                2,
                330,
                335,
                2
            ]
        }
    ]
}